,title,author,content,image,category,publish_date
0,How Do Office Spaces Get Transformed by Commercial Interior Design Firms?,rajat mehra,"<p>Bowling Green is a city in Kentucky, USA, situated in south-central Kentucky. With a population of around 70,000 people, it is the third-largest city in the state.&nbsp;<a href=""https://www.wku.edu/"">Western Kentucky University</a>, as well as several major employers, including Fruit of the Loom and the General Motors Corvette Assembly Plant, are located in Bowling Green.</p>
<p>&nbsp;</p>
<p>Bowling Green is a city in Kentucky, USA, situated in south-central Kentucky. With a population of around 70,000 people, it is the third-largest city in the state.&nbsp;<a href=""https://www.wku.edu/"">Western Kentucky University</a>, as well as several major employers, including Fruit of the Loom and the General Motors Corvette Assembly Plant, are located in Bowling Green.</p>
<p>&nbsp;</p>
<p>Bowling Green is a city in Kentucky, USA, situated in south-central Kentucky. With a population of around 70,000 people, it is the third-largest city in the state.&nbsp;<a href=""https://www.wku.edu/"">Western Kentucky University</a>, as well as several major employers, including Fruit of the Loom and the General Motors Corvette Assembly Plant, are located in Bowling Green.</p>
<p>Bowling Green is a city in Kentucky, USA, situated in south-central Kentucky. With a population of around 70,000 people, it is the third-largest city in the state.&nbsp;<a href=""https://www.wku.edu/"">Western Kentucky University</a>, as well as several major employers, including Fruit of the Loom and the General Motors Corvette Assembly Plant, are located in Bowling Green.</p>
<p>&nbsp;</p>
<p>Bowling Green is a city in Kentucky, USA, situated in south-central Kentucky. With a population of around 70,000 people, it is the third-largest city in the state.&nbsp;<a href=""https://www.wku.edu/"">Western Kentucky University</a>, as well as several major employers, including Fruit of the Loom and the General Motors Corvette Assembly Plant, are located in Bowling Green.</p>
<p>&nbsp;</p>
<p>Bowling Green is a city in Kentucky, USA, situated in south-central Kentucky. With a population of around 70,000 people, it is the third-largest city in the state.&nbsp;<a href=""https://www.wku.edu/"">Western Kentucky University</a>, as well as several major employers, including Fruit of the Loom and the General Motors Corvette Assembly Plant, are located in Bowling Green.</p>",photo-1533450718592-29d45635f0a9.jfif,2,2024-07-19 09:20:41
1,test page title nnn,vijay,"<p>Additionally, Bootstrap also includes an&nbsp;<code class=""highlighter-rouge"">.mx-auto</code>&nbsp;class for horizontally centering fixed-width block level content&mdash;that is, content that has&nbsp;<code class=""highlighter-rouge"">display: block</code>&nbsp;and a&nbsp;<code class=""highlighter-rouge"">width</code>&nbsp;set&mdash;by setting the horizontal margins to&nbsp;<code class=""highlighter-rouge"">auto</code>.</p>
<div class=""bd-example"">
<p>Additionally, Bootstrap also includes an&nbsp;<code class=""highlighter-rouge"">.mx-auto</code>&nbsp;class for horizontally centering fixed-width block level content&mdash;that is, content that has&nbsp;<code class=""highlighter-rouge"">display: block</code>&nbsp;and a&nbsp;<code class=""highlighter-rouge"">width</code>&nbsp;set&mdash;by setting the horizontal margins to&nbsp;<code class=""highlighter-rouge"">auto</code>.</p>
<div class=""bd-example"">
<p>Additionally, Bootstrap also includes an&nbsp;<code class=""highlighter-rouge"">.mx-auto</code>&nbsp;class for horizontally centering fixed-width block level content&mdash;that is, content that has&nbsp;<code class=""highlighter-rouge"">display: block</code>&nbsp;and a&nbsp;<code class=""highlighter-rouge"">width</code>&nbsp;set&mdash;by setting the horizontal margins to&nbsp;<code class=""highlighter-rouge"">auto</code>.</p>
<div class=""bd-example"">&nbsp;</div>
</div>
</div>",istockphoto-1319742252-612x612.jpg,11,2024-07-19 07:46:34
2,Best Rental Property Management Company in Maple Ridge BC,vijay jain,"<p>Maple Ridge, a charming city in British Columbia, offers a wonderful opportunity for rental real estate property owners. Its stunning landscapes and closeness to Vancouver attract tenants looking for a mix of residential and urban life. Hiring a Maple Ridge rental property management company can benefit property owners. These people are experts in marketing, tenant screening, rent collection, maintenance coordination, and dealing with legal issues. You may save time, decrease worry, and secure consistent rental revenue by handing your property to a rental property manager. Their experience and local market knowledge assist in attracting dependable tenants, minimizing vacancies, and preserving the value of your investment in Maple Ridge&rsquo;s thriving rental market.</p>
<h2 class=""wp-block-heading"">Exploring Maple Ridge: Discovering the Most Popular Places and Areas</h2>
<p>Maple Ridge is a busy and beautiful city in British Columbia, Canada. It is noted for its natural beauty, outdoor recreational options, and welcoming community in the Fraser Valley. The city has a harmonious blend of urban and rural amenities, making it an appealing location for both inhabitants and visitors.</p>
<div class=""code-block code-block-3"">&nbsp;</div>",photo-1533450718592-29d45635f0a9.jfif,1,2024-07-19 08:04:43
3,"Best online Classifieds in Bowling Green, Kentucky",vijay jain 2024,"<p>Bowling Green is a city in Kentucky, USA, situated in south-central Kentucky. With a population of around 70,000 people, it is the third-largest city in the state.&nbsp;<a href=""https://www.wku.edu/"">Western Kentucky University</a>, as well as several major employers, including Fruit of the Loom and the General Motors Corvette Assembly Plant, are located in Bowling Green.</p>
<p>The city is well-known for its historic downtown region, which is home to a wide range of local stores, restaurants, and cultural attractions.&nbsp;<a href=""https://www.corvettemuseum.org/"">Bowling Green&rsquo;s National Corvette Museum</a> is a famous destination for car enthusiasts. There are also many parks and outdoor recreation places in the city, such as the Barren River Lake State Resort Park.</p>",pexels-thatguycraig000-1563356.jpg,11,2024-07-19 08:14:04
