title,author,content,feature_img,categories,date_created
How Do Office Spaces Get Transformed by Commercial Interior Design Firms?,rajat mehra,"<p>Bowling Green is a city in Kentucky, USA, situated in south-central Kentucky. With a population of around 70,000 people, it is the third-largest city in the state.&nbsp;<a href=""https://www.wku.edu/"">Western Kentucky University</a>, as well as several major employers, including Fruit of the Loom and the General Motors Corvette Assembly Plant, are located in Bowling Green.</p>
<p>&nbsp;</p>
<p>Bowling Green is a city in Kentucky, USA, situated in south-central Kentucky. With a population of around 70,000 people, it is the third-largest city in the state.&nbsp;<a href=""https://www.wku.edu/"">Western Kentucky University</a>, as well as several major employers, including Fruit of the Loom and the General Motors Corvette Assembly Plant, are located in Bowling Green.</p>
<p>&nbsp;</p>
<p>Bowling Green is a city in Kentucky, USA, situated in south-central Kentucky. With a population of around 70,000 people, it is the third-largest city in the state.&nbsp;<a href=""https://www.wku.edu/"">Western Kentucky University</a>, as well as several major employers, including Fruit of the Loom and the General Motors Corvette Assembly Plant, are located in Bowling Green.</p>
<p>Bowling Green is a city in Kentucky, USA, situated in south-central Kentucky. With a population of around 70,000 people, it is the third-largest city in the state.&nbsp;<a href=""https://www.wku.edu/"">Western Kentucky University</a>, as well as several major employers, including Fruit of the Loom and the General Motors Corvette Assembly Plant, are located in Bowling Green.</p>
<p>&nbsp;</p>
<p>Bowling Green is a city in Kentucky, USA, situated in south-central Kentucky. With a population of around 70,000 people, it is the third-largest city in the state.&nbsp;<a href=""https://www.wku.edu/"">Western Kentucky University</a>, as well as several major employers, including Fruit of the Loom and the General Motors Corvette Assembly Plant, are located in Bowling Green.</p>
<p>&nbsp;</p>
<p>Bowling Green is a city in Kentucky, USA, situated in south-central Kentucky. With a population of around 70,000 people, it is the third-largest city in the state.&nbsp;<a href=""https://www.wku.edu/"">Western Kentucky University</a>, as well as several major employers, including Fruit of the Loom and the General Motors Corvette Assembly Plant, are located in Bowling Green.</p>",http://127.0.0.1:5000/static/uploads/photo-1533450718592-29d45635f0a9.jfif,"Ne3ws, casino, Health and fitness, jh",19-07-2024 09:20
test page title nnn,vijay,"<p>Additionally, Bootstrap also includes an&nbsp;<code class=""highlighter-rouge"">.mx-auto</code>&nbsp;class for horizontally centering fixed-width block level content&mdash;that is, content that has&nbsp;<code class=""highlighter-rouge"">display: block</code>&nbsp;and a&nbsp;<code class=""highlighter-rouge"">width</code>&nbsp;set&mdash;by setting the horizontal margins to&nbsp;<code class=""highlighter-rouge"">auto</code>.</p>
<div class=""bd-example"">
<p>Additionally, Bootstrap also includes an&nbsp;<code class=""highlighter-rouge"">.mx-auto</code>&nbsp;class for horizontally centering fixed-width block level content&mdash;that is, content that has&nbsp;<code class=""highlighter-rouge"">display: block</code>&nbsp;and a&nbsp;<code class=""highlighter-rouge"">width</code>&nbsp;set&mdash;by setting the horizontal margins to&nbsp;<code class=""highlighter-rouge"">auto</code>.</p>
<div class=""bd-example"">
<p>Additionally, Bootstrap also includes an&nbsp;<code class=""highlighter-rouge"">.mx-auto</code>&nbsp;class for horizontally centering fixed-width block level content&mdash;that is, content that has&nbsp;<code class=""highlighter-rouge"">display: block</code>&nbsp;and a&nbsp;<code class=""highlighter-rouge"">width</code>&nbsp;set&mdash;by setting the horizontal margins to&nbsp;<code class=""highlighter-rouge"">auto</code>.</p>
<div class=""bd-example"">&nbsp;</div>
</div>
</div>",http://127.0.0.1:5000/static/uploads/istockphoto-1319742252-612x612.jpg,Health and fitness,19-07-2024 07:46
Best Rental Property Management Company in Maple Ridge BC,vijay jain,"<p>Maple Ridge, a charming city in British Columbia, offers a wonderful opportunity for rental real estate property owners. Its stunning landscapes and closeness to Vancouver attract tenants looking for a mix of residential and urban life. Hiring a Maple Ridge rental property management company can benefit property owners. These people are experts in marketing, tenant screening, rent collection, maintenance coordination, and dealing with legal issues. You may save time, decrease worry, and secure consistent rental revenue by handing your property to a rental property manager. Their experience and local market knowledge assist in attracting dependable tenants, minimizing vacancies, and preserving the value of your investment in Maple Ridge&rsquo;s thriving rental market.</p>
<h2 class=""wp-block-heading"">Exploring Maple Ridge: Discovering the Most Popular Places and Areas</h2>
<p>Maple Ridge is a busy and beautiful city in British Columbia, Canada. It is noted for its natural beauty, outdoor recreational options, and welcoming community in the Fraser Valley. The city has a harmonious blend of urban and rural amenities, making it an appealing location for both inhabitants and visitors.</p>
<div class=""code-block code-block-3"">&nbsp;</div>",http://127.0.0.1:5000/static/uploads/photo-1533450718592-29d45635f0a9.jfif,Business,19-07-2024 08:04
"Best online Classifieds in Bowling Green, Kentucky",vijay jain 2024,"<p>Bowling Green is a city in Kentucky, USA, situated in south-central Kentucky. With a population of around 70,000 people, it is the third-largest city in the state.&nbsp;<a href=""https://www.wku.edu/"">Western Kentucky University</a>, as well as several major employers, including Fruit of the Loom and the General Motors Corvette Assembly Plant, are located in Bowling Green.</p>
<p>The city is well-known for its historic downtown region, which is home to a wide range of local stores, restaurants, and cultural attractions.&nbsp;<a href=""https://www.corvettemuseum.org/"">Bowling Green&rsquo;s National Corvette Museum</a> is a famous destination for car enthusiasts. There are also many parks and outdoor recreation places in the city, such as the Barren River Lake State Resort Park.</p>",http://127.0.0.1:5000/static/uploads/pexels-thatguycraig000-1563356.jpg,"Ne3ws, casino, Health and fitness, jh",19-07-2024 12:17
https://www.geeksforgeeks.org/creating-pandas-dataframe-using-list-of-lists/,balwant,"<p dir=""ltr"">The DataFrame.from dict() method in Pandas builds DataFrame from a dictionary of the dict or array type. By using the dictionary&rsquo;s columns or indexes and allowing for Dtype declaration, it builds a DataFrame object.</p>
<div class=""noIdeBtnDiv"">
<div class=""responsive-tabs-wrapper"">
<div class=""responsive-tabs responsive-tabs--enabled"">
<ul class=""responsive-tabs__list"" role=""tablist"">
<li id=""tablist2-tab1"" class=""responsive-tabs__list__item responsive-tabs__list__item--active"" tabindex=""0"" role=""tab"" aria-controls=""tablist2-panel1"">Python3</li>
</ul>
<div id=""tablist2-panel1"" class=""tabcontent responsive-tabs__panel responsive-tabs__panel--active"" role=""tabpanel"" aria-hidden=""false"" aria-labelledby=""tablist2-tab1"">
<div class=""code-block"">
<div class=""code-gutter"">
<div class=""editor-buttons-container"">
<div class=""editor-buttons"">
<div class=""editor-buttons-div"" title=""Run and Edit"">&nbsp;</div>
</div>
</div>
</div>
</div>
</div>
</div>
</div>
</div>",http://127.0.0.1:5000/static/uploads/pexels-thatguycraig000-1563356.jpg,"Business, Education",19-07-2024 13:00
